2025-01-20T18:00:00.000Z,smtp auth attempt
2025-02-07T01:00:00.000Z,smtp auth attempt
2026-01-04T20:00:00.000Z,smtp auth attempt
2026-04-20T11:00:00.000Z,smtp auth attempt
2026-04-29T21:00:00.000Z,smtp auth attempt
2026-08-25T16:00:00.000Z,smtp auth attempt
2026-08-30T00:00:00.000Z,smtp auth attempt
2026-09-02T06:00:00.000Z,smtp auth attempt
2026-09-06T00:00:00.000Z,smtp auth attempt
2026-09-12T18:00:00.000Z,smtp auth attempt
2026-09-14T13:00:00.000Z,smtp auth attempt
2026-09-15T04:00:00.000Z,smtp auth attempt
2026-09-18T23:00:00.000Z,smtp auth attempt
2026-09-22T04:00:00.000Z,smtp auth attempt
2026-09-22T12:00:00.000Z,smtp auth attempt
